Price,Units_Sold,Revenue,Shipping_Distance,Customer_Rating,Rating_Category
43.708610696262625,21,917.8808246215151,19,3.683744332077372,Good
95.56428757689245,13,1242.3357384996018,18,4.265243786267896,Better
75.87945476302646,37,2807.539826231979,1,4.864056211020035,Excellent
63.8792635777333,24,1533.1023258655991,78,3.2050194559813585,Bad
24.041677639819287,17,408.7085198769279,47,4.874456974472903,Excellent
24.03950683025824,32,769.2642185682637,66,4.375771444601627,Better
15.227525095137953,33,502.5083281395524,92,3.1356741182103436,Bad
87.95585311974416,17,1495.2495030356508,94,3.6019271338936325,Good
64.1003510568888,39,2499.913691218663,38,4.416344177290563,Better
73.7265320016441,10,737.265320016441,51,3.1347012029375434,Bad
11.85260448662222,22,260.7572987056888,63,4.164340920352546,Better
97.29188669457949,9,875.6269802512154,4,3.6917661139059135,Good
84.91983767203796,29,2462.6752924891007,1,4.241831035534954,Better
29.110519961044854,6,174.66311976626912,8,3.091484067625026,Bad
26.364247048639054,14,369.0994586809468,29,4.7430736123047526,Excellent
26.506405886809045,34,901.2178001515075,55,4.946977938354793,Excellent
37.381801866358394,49,1831.7082914515613,3,4.937755710571383,Excellent
57.228078846901404,9,515.0527096221126,32,4.49930366348585,Better
48.87505167779042,37,1808.3769120782454,10,3.260172480261264,Bad
36.21062261782377,5,181.05311308911888,74,4.516526391858045,Excellent
65.06676052501416,22,1431.4687315503115,83,3.049173832917603,Bad
22.554447458683764,36,811.9601085126155,34,3.0442471030579945,Bad
36.29301836816963,15,544.3952755225445,97,3.6472204382990823,Good
42.97256589643225,25,1074.3141474108063,87,3.9772863808093315,Good
51.046298579533236,30,1531.3889573859972,55,4.540814835615587,Excellent
80.66583652537122,29,2339.3092592357652,92,4.366590753213011,Better
27.970640394252378,26,727.2366502505619,32,3.891805412753497,Good
56.28109945722505,31,1744.7140831739764,50,3.547253332563332,Good
63.31731119758382,17,1076.394290358925,7,4.994249000315422,Excellent
14.180537144799796,37,524.6798743575924,93,3.8523626044719457,Good
64.67903667112945,38,2457.8033935029193,8,3.902774048659351,Good
25.347171131856236,45,1140.6227009335305,65,3.3272476423833384,Bad
15.854643368675156,39,618.331091378331,57,4.589619097499859,Excellent
95.39969835279999,5,476.99849176399994,67,4.387364451562977,Better
96.90688297671034,25,2422.6720744177583,88,3.441539225577521,Bad
82.7557613304815,10,827.557613304815,87,3.1647620912316854,Bad
37.41523922560336,32,1197.2876552193075,59,4.360998604149426,Better
18.79049026057455,21,394.60029547206557,72,4.309022428562271,Better
71.58097238609412,9,644.2287514748471,54,3.546519053996419,Good
49.61372443656412,35,1736.4803552797441,67,4.9017271245008205,Excellent
20.983441136030095,9,188.85097022427084,51,3.3021157835618005,Bad
54.56592191001432,42,2291.768720220601,97,3.864669602085204,Good
13.094966900369656,7,91.66476830258759,92,4.887231840335198,Excellent
91.83883618709038,27,2479.64857705144,8,3.8394546338522444,Good
33.290198344001524,41,1364.8981321040626,34,4.277051895328171,Better
69.62700559185838,41,2854.7072292661933,35,3.7951887959255886,Good
38.053996848046985,14,532.7559558726578,96,3.5484304046973403,Good
56.80612190600297,14,795.2857066840415,88,4.967955295919657,Excellent
59.203925140895166,23,1361.690278240589,78,3.818668012630086,Good
26.636900997297435,21,559.3749209432461,32,4.788198407358269,Excellent
97.26261649881027,25,2431.565412470257,46,3.4599092117821724,Bad
79.76195410250031,18,1435.7151738450057,16,3.4262094080501666,Bad
94.55490474077702,13,1229.2137616301013,68,3.062268165769023,Bad
90.5344615384884,5,452.672307692442,37,4.30333365075177,Better
63.810998092997664,49,3126.7389065568855,54,3.7370526874475223,Good
92.96868115208052,17,1580.4675795853689,85,4.728716499679274,Excellent
17.964325184672756,8,143.71460147738205,14,3.9464198133831143,Good
27.638457617723066,5,138.19228808861533,95,4.9363868558294435,Excellent
14.070456001948425,44,619.1000640857308,55,3.3710510314062425,Bad
39.27972976869379,36,1414.0702716729766,48,4.737246335911221,Excellent
44.98095607205338,38,1709.2763307380285,82,4.5531937055834835,Excellent
34.42141285965063,32,1101.4852115088202,7,4.541843689288104,Excellent
84.58637582367363,35,2960.523153828577,74,4.689566456233775,Excellent
42.10779940242303,12,505.2935928290764,7,4.522047981885998,Excellent
35.28410587186427,43,1517.2165524901636,33,4.2524406432628306,Better
58.84264748424236,30,1765.279424527271,23,3.262489755364775,Bad
22.683180247728636,38,861.9608494136882,85,3.065052358982504,Bad
82.19772826786357,7,575.384097875045,19,4.8416956956313735,Excellent
16.709557931179376,16,267.35292689887,19,4.2333006290414765,Better
98.81982429404655,5,494.0991214702328,36,4.593074581952353,Excellent
79.50202923669917,48,3816.0974033615603,29,3.9630447030251004,Good
27.884411338075516,9,250.95970204267965,60,3.234616377924789,Bad
10.496990541124216,34,356.8976783982233,82,3.2503715844051007,Bad
83.39152856093507,34,2835.3119710717924,2,4.3711305744579425,Better
73.61716094628554,21,1545.9603798719963,1,3.8606117897989254,Good
75.61064512368885,27,2041.4874183395991,47,3.4010494534006734,Bad
79.41433120173512,19,1508.8722928329673,69,3.9831890934828738,Good
16.664018656068134,41,683.2247648987935,20,3.1284178741502684,Bad
42.261915568984534,25,1056.5478892246133,11,4.163942803828798,Better
20.428215357261674,18,367.70787643071014,2,3.5379868088701953,Good
87.67930832880342,6,526.0758499728205,67,4.595118201274376,Excellent
66.09683141448022,15,991.4524712172033,87,3.6207239178471475,Good
39.78082223673843,43,1710.5753561797526,12,3.9104402981636026,Good
15.720251525742128,42,660.2505640811694,20,3.0232410798162013,Bad
37.9884089544096,38,1443.559540267565,5,3.144893775589118,Bad
39.266498982407235,42,1649.1929572611039,37,3.7849871128133694,Good
75.66455605042577,38,2875.253129916179,38,3.9598776694342472,Good
67.38017242196918,22,1482.363793283322,94,4.200041096238607,Better
89.84914683186939,34,3054.870992283559,9,3.5833251574186065,Good
52.49934326457544,19,997.4875220269333,98,4.389963772253085,Better
20.763482134447152,31,643.6679461678617,53,4.720244794378409,Excellent
74.19203085006956,38,2819.297172302643,44,4.5597019777867,Excellent
78.47065437552077,42,3295.7674837718723,99,3.0792376506967143,Bad
60.51494778125466,37,2239.0530679064227,86,3.961013894515658,Good
79.38704619591049,28,2222.837293485494,24,3.2098603568363497,Bad
54.44160367279517,19,1034.390469783108,81,3.4840900317250547,Bad
57.045954644379464,34,1939.5624579089017,74,4.973325186534293,Excellent
48.47869165226947,46,2230.0198160043956,30,3.2849910858030267,Bad
12.287721406968567,21,258.0421495463399,59,3.997776306902712,Good
19.7102284293974,9,177.3920558645766,87,4.236311468636238,Better
12.828626711806082,33,423.3446814896007,96,4.4049299410882075,Better
67.27693701374024,8,538.2154961099219,81,4.119297366973829,Better
38.2920382968694,14,536.0885361561716,81,3.0195416948383675,Bad
55.77136220482325,21,1171.1986063012882,14,3.6529226164879836,Good
91.68098265334837,14,1283.5337571468772,9,4.035423286769423,Better
32.43630062339874,21,681.1623130913736,40,3.175732998289667,Bad
46.93446307320668,24,1126.4271137569604,66,3.7012538624183615,Good
77.99960246887439,28,2183.9888691284827,25,3.066406217582733,Bad
30.59183489424602,9,275.32651404821416,73,3.1571569943100415,Bad
16.92819188459137,38,643.2712916144721,22,3.793846552403192,Good
36.077630762239124,10,360.77630762239124,4,3.2654315080861207,Bad
24.5099158528604,6,147.05949511716238,26,4.135081696523116,Better
93.67278871083158,17,1592.437408084137,58,4.378929938274531,Better
82.73083416079753,47,3888.349205557484,29,4.601173398218165,Excellent
67.00633808593811,47,3149.2978900390913,98,3.40030048848962,Bad
88.43145311689459,15,1326.4717967534189,87,3.3349651645181395,Bad
82.33048692092031,27,2222.923146864848,37,3.2091356806688003,Bad
26.791305299743225,20,535.8261059948645,75,4.272860499087273,Better
90.330309864098,35,3161.56084524343,70,4.412951452973802,Better
58.540801772408564,15,878.1120265861284,18,3.063172289651284,Bad
82.66961396476563,20,1653.3922792953126,85,4.872424492487379,Excellent
90.64821699311439,12,1087.7786039173727,42,3.103942567302945,Bad
38.62031274746775,8,308.962501979742,41,4.082592670602141,Better
19.90467320749091,44,875.8056211296,38,4.418121038901833,Better
30.51416462877475,8,244.113317030198,34,4.741938247492171,Excellent
48.43970097636307,29,1404.751328314529,17,4.428173864264855,Better
83.62132893302439,7,585.3493025311707,37,4.603456166139583,Excellent
87.46575249307091,36,3148.7670897505527,25,3.678900385085612,Good
10.625691747807164,7,74.37984223465014,76,4.629650227493024,Excellent
55.967257231980916,31,1734.9849741914084,87,3.1602296927693505,Bad
47.56699028339011,33,1569.7106793518738,86,4.7896333121210555,Excellent
29.98970294236572,36,1079.629305925166,85,4.095184752307473,Better
20.787883060031454,23,478.12131038072346,27,4.634595539924987,Excellent
40.385365426326516,25,1009.6341356581629,57,3.9046365690366,Good
94.86187335212672,9,853.7568601691405,31,4.28715539039305,Better
39.088263881867974,22,859.9418054010954,6,4.052805321872226,Better
56.691155956902946,32,1814.1169906208943,91,4.463179043510664,Better
73.27170630056601,46,3370.4984898260363,40,3.1632599640611794,Bad
42.726664214136456,26,1110.8932695675478,98,3.1207041679811276,Bad
97.46038744488646,25,2436.509686122162,12,3.494206468020293,Bad
96.62025654479001,10,966.2025654479,53,3.3190893602263767,Bad
32.66040662428277,5,163.30203312141384,71,4.743567133184404,Excellent
54.75236553031469,9,492.77128977283223,10,3.4384279747160886,Bad
37.07904788350927,45,1668.557154757917,45,4.951730511638263,Excellent
35.63564449397208,16,570.1703119035533,17,3.6737915835422137,Good
13.319825261907951,30,399.5947578572385,26,3.364235831377399,Bad
64.86079005819072,38,2464.710022211247,85,4.579397014284958,Excellent
55.24111209059753,18,994.3400176307556,92,4.317415551001752,Better
14.633087612499041,30,438.9926283749712,62,3.996391432906278,Good
35.07818178129503,49,1718.8309072834563,46,4.110727101875263,Better
91.74392973699884,31,2844.061821846964,64,4.438403556544528,Better
31.560570160027517,13,410.28741208035774,2,3.4569094826625975,Bad
23.04053848821008,30,691.2161546463024,54,4.992667832113484,Excellent
54.05074842498067,26,1405.3194590494973,65,4.949586324293566,Excellent
98.70854086995406,34,3356.090389578438,51,4.300651372693874,Better
31.784974436035036,47,1493.8937984936467,53,3.3990849018582905,Bad
70.49219926652907,21,1480.3361845971106,36,4.360456484862583,Better
78.54576537958458,30,2356.3729613875375,26,3.1443968179583517,Bad
31.38737895931597,40,1255.4951583726388,29,3.0613050044116124,Bad
75.53947137506736,5,377.6973568753368,21,3.5153657770224274,Good
43.10048194473279,12,517.2057833367935,11,3.9252459134786326,Good
66.90752475342215,39,2609.393465383464,40,4.736545010816761,Excellent
67.01767396848052,19,1273.3358054011298,11,4.4543381395326165,Better
58.21972156672826,26,1513.7127607349348,36,4.485413042399962,Better
18.12607930489675,18,326.26942748814145,59,3.8509866688961507,Good
85.17722460303142,30,2555.3167380909426,39,3.691869985093926,Good
38.870205847456226,32,1243.8465871185992,99,3.742077525969205,Good
26.786665935986882,27,723.2399802716458,54,4.975299127472116,Excellent
13.669762739928753,18,246.05572931871757,98,3.080218382824965,Bad
63.18036488694176,28,1769.0502168343692,55,4.734062992244898,Excellent
70.98079256580542,6,425.8847553948325,24,4.157350817144787,Better
11.492904603507053,49,563.1523255718456,22,3.877230838379181,Good
56.088375246935286,30,1682.6512574080587,69,4.450515320830273,Better
30.384619767814417,18,546.9231558206595,56,3.973337882849406,Good
68.06555113685049,11,748.7210625053553,33,4.746846476163321,Excellent
25.69297861044923,7,179.8508502731446,36,4.8014037280225175,Excellent
72.18439642922193,27,1948.9787035889922,20,3.843441853746911,Good
44.806181167048365,47,2105.890514851273,83,3.5536555944701034,Good
94.30569898630611,49,4620.979250328999,99,4.184700657186724,Better
22.376884973139394,22,492.2914694090667,81,4.824726691233382,Excellent
40.695971594523265,42,1709.230806969977,62,3.421324378011333,Bad
20.212616911653015,39,788.2920595544676,98,4.245933167126966,Better
93.22242564507064,19,1771.2260872563422,73,4.263120440185041,Better
88.9605418042883,29,2579.8557123243604,26,4.466226044830562,Better
33.21474649436401,41,1361.8046062689243,66,3.2631353702545196,Bad
69.39856414307611,32,2220.7540525784357,73,4.431649929364177,Better
83.54999801810942,14,1169.699972253532,73,4.818065041331282,Excellent
59.96807304395161,43,2578.6271408899192,40,3.359366217740484,Bad
57.66855205204058,21,1211.039593092852,17,3.4750866498477553,Bad
31.76670618104065,43,1365.968365784748,1,4.942790188083279,Excellent
18.379249102530927,26,477.86047666580413,89,3.3619539054189795,Bad
90.74941821579941,30,2722.4825464739824,61,4.708770186739159,Excellent
91.03762514469975,48,4369.806006945588,43,3.9845557128960696,Good
66.97913115459411,29,1942.3948034832292,42,3.4944621488063543,Bad
40.51268119438306,21,850.7663050820444,25,4.741499802545023,Excellent
41.428861715139476,17,704.290649157371,39,3.890610510005331,Good
75.33601109832155,24,1808.0642663597173,35,4.029634707859381,Better
90.73992339573194,29,2631.457778476226,3,3.718466738799531,Good
89.83777818386056,8,718.7022254708845,44,4.185901702869855,Better
80.18879912718614,14,1122.643187780606,51,3.3270477451700455,Bad
67.78284815388591,7,474.4799370772014,94,3.782163073303521,Good
17.572596849554394,45,790.7668582299477,98,4.938824644670575,Excellent
24.54658426851524,49,1202.7826291572467,12,3.516266865402255,Good
90.86987696743714,22,1999.137293283617,19,4.313473329082584,Better
64.57861536936309,40,2583.1446147745237,44,3.65038012844939,Good
10.827734645496669,26,281.5211007829134,59,4.5469462513732015,Excellent
19.132438857942887,38,727.0326766018297,49,3.2617473214366997,Bad
69.71515921972502,12,836.5819106367003,61,4.93964209015709,Excellent
10.455542546159682,44,460.043872031026,17,3.9075790827672785,Good
24.472724627574877,48,1174.690782123594,74,3.472100926692928,Bad
59.38604104299275,23,1365.8789439888333,57,3.146993494660025,Bad
72.27056779234239,46,3324.44611844775,55,3.3395158101750813,Bad
68.67651335523405,45,3090.443100985532,47,4.039547897112035,Better
30.18423785145038,41,1237.5537519094655,12,3.6740063528625724,Good
74.09612992127823,10,740.9612992127824,62,4.657766731765219,Excellent
31.352417874712007,30,940.5725362413602,80,3.861775047323612,Good
39.285972834334096,38,1492.8669677046958,88,3.49742854517526,Bad
77.18422646062217,49,3782.0270965704863,83,4.23428997320806,Better
68.46696091424931,10,684.6696091424931,8,4.413554433770892,Better
86.43010694447601,41,3543.634384723516,95,3.3340838158018995,Bad
69.18516030703091,37,2559.850931360144,21,3.3352384325766353,Bad
61.147774300192445,26,1589.8421318050036,81,3.0733428538670857,Bad
18.430729104528325,25,460.7682276132081,87,4.472804030131281,Better
43.09442227534902,10,430.9442227534902,80,4.32760905524361,Better
33.86821309135529,10,338.6821309135529,70,3.9492617514996278,Good
31.95906790411752,8,255.67254323294017,72,4.688340897938394,Excellent
97.57094992772011,34,3317.4122975424834,25,4.611340305900106,Excellent
45.378795220008435,15,680.6819283001265,82,4.170708728793504,Better
90.2841899659402,34,3069.662458841967,89,4.736542561026518,Excellent
66.80247633975367,35,2338.0866718913785,12,3.4116824200735367,Bad
81.53301731874836,28,2282.9244849249544,15,3.2238392387954558,Bad
55.23733837946729,13,718.0853989330748,59,3.539499223033979,Good
61.92134961637232,7,433.44944731460623,26,3.11417371217863,Bad
54.32659244369775,35,1901.430735529421,26,4.062339056002064,Better
27.571868901824004,44,1213.1622316802561,47,4.873211384589923,Excellent
75.02069037353547,41,3075.8483053149544,32,3.0786870813370193,Bad
35.26951261967702,40,1410.7805047870809,10,3.2442198280200536,Bad
12.188436978830845,28,341.27623540726364,16,3.904398056566871,Good
68.09250663164511,35,2383.2377321075787,71,4.86775003505581,Excellent
25.939961146634403,10,259.399611466344,17,3.632312209953501,Good
94.64127259176229,6,567.8476355505737,23,4.014469617376784,Better
95.85357193023286,24,2300.4857263255885,26,3.083145718100784,Bad
92.33779511984037,32,2954.8094438348917,85,3.2966864019241777,Bad
43.31428302299,15,649.7142453448499,86,4.973260245917694,Excellent
11.391095487598069,8,91.12876390078455,7,4.930237392872091,Excellent
93.54867063289528,19,1777.4247420250103,14,3.009879961868819,Bad
48.53657334855829,10,485.36573348558295,79,4.903623570846478,Excellent
96.99893371393026,34,3297.9637462736287,7,4.278239875631001,Better
96.72579793803276,42,4062.4835133973756,9,4.735836589040044,Excellent
86.7708509920624,6,520.6251059523745,48,3.909479711267718,Good
36.50040028626271,19,693.5076054389915,72,4.031192057158501,Better
44.658795574173276,15,669.8819336125991,59,3.9776931605138404,Good
86.60230043651713,12,1039.2276052382056,87,4.333728515092209,Better
38.522980464064986,30,1155.6894139219496,93,3.279302509512626,Bad
25.254347201748324,49,1237.463012885668,82,3.0599471797453557,Bad
60.11211362125152,48,2885.3814538200727,95,3.615859883182382,Good
94.25392967447029,9,848.2853670702326,94,4.409361525473294,Better
72.64268170074757,10,726.4268170074757,39,3.4037069042458965,Bad
61.30550530804285,30,1839.1651592412854,99,4.346864866649835,Better
18.74588443936917,8,149.96707551495336,18,4.939824092214541,Excellent
65.35065040292528,23,1503.0649592672814,59,3.187801431578837,Bad
99.10484650938369,24,2378.5163162252084,17,4.345204236450252,Better
22.60756137128716,37,836.479770737625,14,3.887500438609142,Good
56.64966871273631,24,1359.5920491056713,31,4.736284508755011,Excellent
88.96357647351599,16,1423.4172235762558,24,3.354299578894772,Bad
76.6691755978784,5,383.34587798939197,99,4.385251904452329,Better
72.73141668957412,30,2181.9425006872234,60,4.67623057929622,Excellent
73.22356755883983,18,1318.024216059117,45,4.889228438948047,Excellent
42.35420360977797,42,1778.8765516106746,98,4.366496056579292,Better
36.4232659838044,41,1493.3539053359802,3,3.994349528016855,Good
82.84250399306623,15,1242.6375598959935,37,4.235694480402428,Better
82.91020552112627,40,3316.408220845051,43,4.7378099689574364,Excellent
88.03650867220934,17,1496.6206474275587,40,4.141219493277659,Better
92.19164973008242,47,4333.007537313873,90,3.060774119393674,Bad
56.020815897484404,7,392.14571128239083,55,4.861897391013955,Excellent
55.136466521847964,37,2040.0492613083748,87,4.3790535020631225,Better
81.84656610700976,10,818.4656610700977,39,4.353026771554493,Better
68.49675376999886,14,958.954552779984,15,3.4313503047954343,Bad
73.17701895319331,9,658.5931705787398,4,4.317770940465314,Better
81.6213402492491,27,2203.776186729726,93,3.787728811308317,Good
90.10048076358096,14,1261.4067306901334,86,4.302465954082984,Better
40.41956411663823,48,1940.139077598635,25,3.2131860606159814,Bad
43.802465737594964,6,262.8147944255698,13,4.315690609206072,Better
18.45837458567821,17,313.7923679565296,82,4.998827451541333,Excellent
62.045212689655656,44,2729.989358344849,33,3.096424077721112,Bad
13.234804641706788,6,79.40882785024073,16,4.954348368442634,Excellent
51.90382163192142,24,1245.6917191661141,42,3.813815921445741,Good
58.838017123681894,5,294.19008561840946,66,4.741506900674518,Excellent
35.7887126915456,41,1467.3372203533695,55,4.564770968116547,Excellent
63.174993451210966,13,821.2749148657425,99,4.134032521973335,Better
12.745022494514448,21,267.6454723848034,42,4.476898418502653,Better
13.361336987429297,13,173.69738083658086,34,4.757031122602696,Excellent
84.03405045936924,15,1260.5107568905387,30,3.8082806433020657,Good
42.41715772701366,19,805.9259968132595,13,3.6540663231264774,Good
21.435446138669633,28,600.1924918827497,13,4.335186771127169,Better
57.001893404932396,42,2394.079523007161,18,4.615691883882517,Excellent
79.29941977887498,39,3092.677371376124,32,4.524570269553232,Excellent
29.423892474715885,34,1000.4123441403401,96,4.595627297717269,Excellent
66.06014282371002,35,2312.104998829851,99,3.8711666296258658,Good
17.68127184943912,9,159.1314466449521,39,4.635668432350043,Excellent
14.651354905174692,48,703.2650354483852,46,3.240418110741217,Bad
57.82191684113332,18,1040.7945031404,29,4.088978195921699,Better
58.657160944909585,15,879.8574141736437,62,3.0115173209962434,Bad
67.3686911348386,13,875.7929847529018,93,3.6491716598005404,Good
75.34822003503955,38,2863.232361331503,62,3.732923069742796,Good
97.82668715162812,16,1565.22699442605,57,3.792345383218511,Good
56.46703134710758,39,2202.2142225371954,16,4.390934413379725,Better
39.06608256471213,39,1523.5772200237732,56,3.7771162025406912,Good
81.56675752918333,5,407.8337876459167,10,3.8973872452450613,Good
34.374902613586684,44,1512.495714997814,30,3.475088261748655,Bad
49.507427863507246,26,1287.1931244511884,25,3.74650358325868,Good
17.061074320803936,33,563.0154525865299,84,3.4545392545263027,Bad
12.281566907391177,12,147.3788028886941,5,3.1463918475368873,Bad
96.63835732101326,15,1449.575359815199,65,4.206897186762756,Better
85.23821084609853,45,3835.7194880744337,94,4.336425597110033,Better
72.63767854843282,41,2978.1448204857456,49,4.238980692019229,Better
46.80576499728429,18,842.5037699511173,3,3.9269880876011447,Good
25.596488806376122,34,870.2806194167881,45,3.7595715603584594,Good
24.079333840397744,39,939.094019775512,14,4.72666729914365,Excellent
32.52186083481358,25,813.0465208703395,30,4.038163570272436,Better
59.43039982355084,41,2436.6463927655846,68,3.958363755259462,Good
74.31363304300561,9,668.8226973870505,18,3.0512841316128716,Bad
69.41776390459582,23,1596.6085698057038,62,3.6824956552523127,Good
35.19405072513486,18,633.4929130524274,37,3.760391237571714,Good
95.93787525968747,30,2878.1362577906243,25,3.797645561793801,Good
76.41072250261917,8,611.2857800209533,48,4.160344738454665,Better
59.891864726026064,29,1736.8640770547559,65,4.067205093453757,Better
65.05486716109169,49,3187.688490893493,53,4.215810185586889,Better
47.764005618501095,46,2197.1442584510505,79,4.529766523084256,Excellent
32.29578905510417,29,936.577882598021,73,4.625971477432187,Excellent
42.03754107861354,22,924.8259037294979,15,4.436246152452989,Better
78.20614994179321,44,3441.0705974389016,49,4.91104739190987,Excellent
11.295413976678027,12,135.54496772013633,88,3.0364651653527233,Bad
20.446537645622463,43,879.2011187617659,68,3.391555971367092,Bad
14.140237781957747,44,622.1704624061409,12,3.015125749956284,Bad
13.665592208707313,18,245.98065975673163,59,4.294949428309206,Better
86.99145256099065,36,3131.6922921956634,37,4.796061097899974,Excellent
73.32920734420213,42,3079.8267084564895,61,3.4869645931525985,Bad
52.67564461785927,37,1948.998850860793,43,4.854069089592613,Excellent
18.805074458590134,27,507.7370103819336,70,3.1205347805791215,Bad
54.24542876051491,19,1030.6631464497834,39,4.868872053611028,Excellent
52.61245937025091,37,1946.6609966992837,56,3.703245374479269,Good
25.58816829190137,29,742.0568804651397,63,3.202841656898433,Bad
49.04664843141757,21,1029.979617059769,46,3.9717435183726515,Good
45.86542609576361,37,1697.0207655432537,88,3.5135531354410157,Good
65.42650882469948,6,392.5590529481969,11,3.569745803923846,Good
67.15842857808795,18,1208.8517144055832,62,3.614579929852573,Good
14.077360879484006,44,619.4038786972962,77,4.606051795665326,Excellent
43.71513531638241,44,1923.465953920826,98,4.0783225533505085,Better
66.32739241428128,43,2852.077873814095,25,3.622615398312007,Good
55.28226327220789,10,552.8226327220789,71,4.220667566621836,Better
87.08408570694901,10,870.8408570694901,52,4.432301348446387,Better
69.28242684570506,7,484.9769879199354,4,3.5452480014670673,Good
24.664098437328672,11,271.3050828106154,59,3.827098203050703,Good
16.351187266038686,12,196.21424719246423,72,3.243772186673895,Bad
67.8177350385684,46,3119.6158117741466,20,3.3622986990693606,Bad
12.386017948745963,19,235.3343410261733,93,4.362235707929965,Better
62.7198023146117,33,2069.753476382186,63,3.362876695391254,Bad
94.62072172824618,37,3500.9667039451087,54,4.05032676733412,Better
61.792676008829105,34,2100.9509843001897,74,4.418092523444866,Better
44.935293358586975,43,1932.21761441924,98,3.213753846189488,Bad
67.89593965981179,31,2104.7741294541656,57,4.1346244392578075,Better
51.2427601442365,40,2049.71040576946,90,3.5131255674027275,Good
59.105511038434145,33,1950.4818642683267,41,4.925853750475159,Excellent
94.73183278988726,42,3978.736977175265,3,3.9670912934398492,Good
44.74923740206968,37,1655.7217838765782,6,4.611985099550316,Excellent
96.50715074415228,41,3956.7931805102435,5,4.100453084312523,Better
91.48155777604573,31,2835.928291057418,5,3.0868250657096383,Bad
27.62120213103668,37,1021.9844788483571,54,4.266302751188045,Better
16.24251707876489,8,129.94013663011913,47,4.902806684413314,Excellent
19.070020123968398,26,495.8205232231783,87,4.203223640292663,Better
11.639964308639476,6,69.83978585183685,49,4.63837771885358,Excellent
18.499866468033556,14,258.9981305524698,9,4.768412926696816,Excellent
71.47060960747211,9,643.2354864672491,99,3.456159543897865,Bad
16.40697836142061,14,229.69769705988853,20,3.4240896798164533,Bad
38.70780672643852,37,1432.1888488782251,61,4.221961977701984,Better
86.03877798725091,42,3613.628675464538,35,3.822056939613409,Good
12.094474216224327,17,205.60606167581358,50,4.67972260573344,Excellent
83.30216343300422,35,2915.575720155148,82,4.800046246796022,Excellent
35.36692972960599,40,1414.6771891842398,62,3.706842758605436,Good
20.634834485949064,49,1011.1068898115042,17,3.473741117948964,Bad
72.70634488277355,28,2035.7776567176593,88,4.561051030487723,Excellent
66.60485621018955,19,1265.4922679936014,3,3.549612071096272,Good
88.97248121743476,33,2936.0918801753473,32,4.6452286370273566,Excellent
76.15639394234972,12,913.8767273081967,99,3.8474765072975257,Good
82.31328373463637,9,740.8195536117273,13,4.335099798582941,Better
35.38311153141758,33,1167.6426805367803,89,3.1910706276693364,Bad
25.969558940175055,8,207.75647152140044,73,4.247718649353146,Better
77.55532764767725,16,1240.885242362836,68,3.9035353574744582,Good
82.61512653405376,49,4048.141200168634,14,4.173216926350948,Better
99.1454627800606,6,594.8727766803636,98,3.336028415489727,Bad
47.135590922028385,31,1461.20331858288,11,4.473747489888364,Better
43.481627721350485,35,1521.8569702472669,56,4.725594155086457,Excellent
79.87716646677971,40,3195.0866586711886,67,3.4334796001815513,Bad
40.672318622771606,40,1626.8927449108642,92,3.1914291110403235,Bad
93.76815930432082,30,2813.0447791296247,29,3.047277172092673,Bad
87.25714766587106,47,4101.0859402959395,9,4.2839430008865325,Better
48.609462463751655,31,1506.8933363763012,67,4.214188072177562,Better
77.57839610123476,9,698.2055649111128,25,4.09339482542814,Better
77.90885866762142,24,1869.812608022914,98,3.463894192231951,Bad
19.281148195233936,15,289.21722292850905,76,3.781811991811029,Good
91.229761601161,14,1277.216662416254,42,4.1889526703723465,Better
55.472713520307146,44,2440.7993948935145,9,3.9935337177183388,Good
84.38117194969675,42,3544.0092218872633,79,4.975571040429775,Excellent
38.804464092755055,10,388.0446409275505,40,3.2728795051134663,Bad
90.59709056465805,12,1087.1650867758965,25,4.390289108095187,Better
45.02815108607468,27,1215.7600793240163,5,3.8086375362085843,Good
10.975388633226853,30,329.2616589968056,11,3.8563992298512293,Good
91.48437787773373,47,4299.7657602534855,59,4.435195531316353,Better
18.21580091075202,16,291.4528145720323,98,4.3848723026487395,Better
38.73822738313734,30,1162.1468214941203,88,4.982511987404377,Excellent
95.50557703457244,17,1623.5948095877316,79,3.2567885789082505,Bad
95.55464322438004,44,4204.404301872722,38,3.2082192987683325,Bad
61.60940993109575,22,1355.4070184841064,72,4.448677634257482,Better
66.86534909528194,29,1939.0951237631764,5,4.156773834012818,Better
50.36009697804878,37,1863.323588187805,48,3.5483213331196115,Good
36.388969452825805,44,1601.1146559243355,90,3.158838737977973,Bad
39.57980908329243,47,1860.2510269147442,18,3.1713164991928613,Bad
70.52666104693346,16,1128.4265767509353,70,4.788381749328236,Excellent
77.7137076493912,48,3730.257967170777,37,3.3837346494374856,Bad
81.24211393532637,40,3249.684557413055,60,3.6467431242310413,Good
81.06563285150985,8,648.5250628120788,48,3.453312804453976,Bad
18.208549274382133,9,163.8769434694392,77,3.709992611663875,Good
54.49782742323233,41,2234.4109243525254,28,3.1388476854921867,Bad
15.180288401497986,12,182.16346081797582,69,4.038119581816541,Better
59.4575994091362,46,2735.0495728202654,77,3.13522512718443,Bad
49.73774512360393,32,1591.6078439553257,81,4.600713015644724,Excellent
89.89337644824698,35,3146.2681756886445,40,3.467424163820866,Bad
41.58235112968708,13,540.5705646859321,45,4.080023829209021,Better
20.536031478484528,33,677.6890387899895,96,4.760158175122917,Excellent
22.869251384755227,18,411.64652492559406,62,4.301754738094388,Better
78.5359568545725,44,3455.58210160119,93,4.065915573102671,Better
65.6396256984635,45,2953.7831564308576,58,3.648667506230751,Good
19.101040851051124,26,496.6270621273292,67,3.6660038261163956,Good
17.569612550349767,15,263.5441882552465,56,4.33897391039638,Better
73.08722183132079,27,1973.3549894456614,40,4.988278722442335,Excellent
16.548670572777418,5,82.74335286388708,98,4.323678379698757,Better
83.96740533613206,41,3442.6636187814147,40,4.11556683474005,Better
73.56180044408467,25,1839.0450111021166,91,4.461301020478492,Better
17.32139025777098,30,519.6417077331294,77,3.930411224567436,Good
17.635394267667273,40,705.4157707066909,33,3.1202846852015704,Bad
98.7975620651058,27,2667.5341757578562,6,4.12459363175582,Better
43.68437161805083,5,218.42185809025415,88,4.915250569010761,Excellent
43.357793236020186,44,1907.742902384888,19,3.3506058847153195,Bad
83.15196105317523,19,1579.8872600103293,80,4.3800097816413315,Better
95.25237196454728,25,2381.309299113682,40,3.401867377318113,Bad
98.74009574405838,13,1283.6212446727588,92,4.071655368946162,Better
77.80403667330475,13,1011.4524767529617,97,3.1933528992934392,Bad
43.86336269778242,14,614.0870777689539,59,3.9007418725163703,Good
17.51506450288019,30,525.4519350864057,59,4.512326657790492,Excellent
79.94322243346932,45,3597.4450095061193,48,3.695143048477964,Good
60.256382476222456,39,2349.9989165726756,41,4.329823448974436,Better
48.17998083222786,29,1397.219444134608,13,4.590899921579458,Excellent
91.57189465852623,30,2747.156839755787,45,4.854355638958905,Excellent
20.00777340755362,15,300.11660111330434,89,3.469284163710907,Bad
54.336259386177325,42,2282.1228942194475,53,3.798631831618616,Good
11.021828029067716,6,66.13096817440629,42,3.3048320266608346,Bad
52.17945777947136,11,573.974035574185,63,4.984967004316751,Excellent
15.067294811365361,22,331.48048585003795,27,4.854001935848591,Excellent
20.693612464126474,31,641.5019863879207,38,4.079914260561119,Better
20.577362209939437,38,781.9397639776986,60,4.6840665887528425,Excellent
68.42892719044572,31,2121.296742903817,7,4.041915954544084,Better
77.1440391338881,21,1620.02482181165,5,4.24717137600552,Better
62.503188858744366,47,2937.649876360985,45,3.1782488642320335,Bad
96.59552936270877,48,4636.585409410021,58,4.510540840993616,Excellent
43.73835215713336,28,1224.6738603997342,31,3.25542696727047,Bad
35.714087765367466,29,1035.7085451956566,23,4.652135260505057,Excellent
88.17392153705143,11,969.9131369075657,42,4.564056175340772,Excellent
30.123625466750738,10,301.2362546675074,10,4.417489395485953,Better
96.69002854965501,28,2707.32079939034,32,3.0723207610495242,Bad
11.09390272208347,37,410.47440071708843,53,3.606256711890657,Good
97.28909440368751,33,3210.540115321688,30,3.526225139821686,Good
13.884392075551851,47,652.566427550937,39,3.720272814943038,Good
90.2028802328264,26,2345.2748860534866,31,3.175285493527677,Bad
57.49309981776699,30,1724.7929945330097,82,4.873915646062126,Excellent
99.36683165073703,32,3179.738612823585,2,4.107604481424753,Better
16.641690826185897,25,416.04227065464744,78,3.611048621316047,Good
59.846885596118874,11,658.3157415573077,77,3.793963034148567,Good
97.2372282057189,21,2041.9817923200972,93,3.8944050810096713,Good
57.078805975313394,24,1369.8913434075214,12,4.201188666721235,Better
66.64587743217362,45,2999.064484447813,39,4.0313588553929955,Better
72.61738200861555,24,1742.8171682067732,66,4.838783946428835,Excellent
50.90869582909959,26,1323.6260915565895,96,3.9939269658116605,Good
66.48022720756572,32,2127.367270642103,13,4.984316029646625,Excellent
62.58828807307902,44,2753.884675215477,46,4.702849915490192,Excellent
91.10422094418901,11,1002.1464303860791,27,3.4170210287146716,Bad
14.090174230731208,5,70.45087115365604,17,4.8611904292878325,Excellent
35.28668706330073,36,1270.3207342788264,95,3.232732795770952,Bad
95.53703356689029,17,1624.129570637135,98,4.634899416982384,Excellent
90.12374055018248,34,3064.207178706204,60,3.76124658695316,Good
51.009107750714165,27,1377.2459092692825,64,4.755948640890139,Excellent
65.8119338021383,23,1513.6744774491808,88,4.736113380214901,Excellent
34.96430646830194,36,1258.71503285887,35,4.611850800235242,Excellent
26.930904375138518,34,915.6507487547096,70,4.580060872614123,Excellent
51.7328564445984,33,1707.184262671747,83,3.6093582781960816,Good
41.80170052234475,49,2048.283325594893,30,3.1618385661025044,Bad
62.529050066578485,33,2063.45865219709,71,3.805960357530323,Good
16.996117326848633,34,577.8679891128536,74,3.347049029973017,Bad
97.69553268995499,20,1953.9106537990997,96,4.389902177804924,Better
98.75896700316426,44,4345.3945481392275,98,3.6921994530755713,Good
